Газа для гель-лака LIANAIL;//lianail.ru.opt-images.1c-bitrix-cdn.ru/upload/iblock/cf8/cf8f53fecc74a757b144b3bf552c88a6.jpg?147731523010299
Топ для гель-лака LIANAIL;//lianail.ru.opt-images.1c-bitrix-cdn.ru/upload/iblock/46d/46d761a2970c7deae5e1aee03b9c793c.jpg?147731520710320
Гель-лак LIANAIL льняной #01;//lianail.ru.opt-images.1c-bitrix-cdn.ru/upload/iblock/f05/f058383efaf4cbc93ccbd76b6b47459a.jpg?147706355138210
Гель-лак LIANAIL бежевый #02;//lianail.ru.opt-images.1c-bitrix-cdn.ru/upload/iblock/51b/51b1335392ca00dc8ea7bfdd3239dc9c.jpg?147722663538193
Гель-лак LIANAIL бледно-коричневый #03;//lianail.ru.opt-images.1c-bitrix-cdn.ru/upload/iblock/f74/f748c3d6bd04c89936e05d9e75dae9e6.jpg?147722671138500
Гель-лак LIANAIL желтовато-серый #04;//lianail.ru.opt-images.1c-bitrix-cdn.ru/upload/iblock/d1f/d1ffd5081c318619f87ebc2b393d5788.jpg?147722679038922
Гель-лак LIANAIL глиняный коричневый #05;//lianail.ru.opt-images.1c-bitrix-cdn.ru/upload/iblock/9df/9df1e4476d5722c11a7dae55006c92eb.jpg?147722709239298
Гель-лак LIANAIL кофейный #06;//lianail.ru.opt-images.1c-bitrix-cdn.ru/upload/iblock/f22/f22bd049f52ec6368ea22f48a8f761e1.jpg?147723930539190
Гель-лак LIANAIL алый #07;//lianail.ru.opt-images.1c-bitrix-cdn.ru/upload/iblock/8e7/8e70bd1ab05f2f6c40a605904eace359.jpg?147723937540129
Гель-лак LIANAIL оранжево-красный #08;//lianail.ru.opt-images.1c-bitrix-cdn.ru/upload/iblock/122/122fc67aee08649bb800f06e41999eee.jpg?147723945340070
Гель-лак LIANAIL коричнево-красный #09;//lianail.ru.opt-images.1c-bitrix-cdn.ru/upload/iblock/773/773c28fd0b97f43aec13cd5a3b623637.jpg?147723956240258
Гель-лак LIANAIL коричнево-малиновый #10;//lianail.ru.opt-images.1c-bitrix-cdn.ru/upload/iblock/529/529f9c4746c0f4003097e143b4ab09e1.jpg?147724127239740
Гель-лак LIANAIL глубокий красновато-коричневый #11;//lianail.ru.opt-images.1c-bitrix-cdn.ru/upload/iblock/8f5/8f51ac659cafb36e51f5ea9d5cd6b868.jpg?147724156739515
Гель-лак LIANAIL очень темный красный #12;//lianail.ru.opt-images.1c-bitrix-cdn.ru/upload/iblock/534/534bffa8d3ef6782e98c32e0ae5f40b9.jpg?147724273439296
Гель-лак LIANAIL бледно-каштановый #13;//lianail.ru.opt-images.1c-bitrix-cdn.ru/upload/iblock/ac6/ac6edc1e15f18696eb531494017a3ccb.jpg?147724629038348
Гель-лак LIANAIL светлый коричневато-серый #14;//lianail.ru.opt-images.1c-bitrix-cdn.ru/upload/iblock/e8e/e8e8ca2b0bd1d4bfe70763b234c1b7de.jpg?147724636238894
Гель-лак LIANAIL темный красновато-серый #15;//lianail.ru.opt-images.1c-bitrix-cdn.ru/upload/iblock/399/3997d57f08db4ac5b06255e10eb26d17.jpg?147724647138677
Гель-лак LIANAIL белый #16;//lianail.ru.opt-images.1c-bitrix-cdn.ru/upload/iblock/325/325c7c491aa626352b2c11dc9b83413b.jpg?147724655237463
Гель-лак LIANAIL розовато-лавандовый #17;//lianail.ru.opt-images.1c-bitrix-cdn.ru/upload/iblock/6e6/6e680b4726297a46f31fed61c618fbae.jpg?147724661537887
Гель-лак LIANAIL розовато-лилово-серый #18;//lianail.ru.opt-images.1c-bitrix-cdn.ru/upload/iblock/45b/45b04efbf1035a8051e7e8f48ed82268.jpg?147724667838774
Гель-лак LIANAIL темный красновато-пурпурный #19;//lianail.ru.opt-images.1c-bitrix-cdn.ru/upload/iblock/90b/90b03a9d1b3766920362bbebae3cf80f.jpg?147724674939212
Гель-лак LIANAIL темно-лиловый #20;//lianail.ru.opt-images.1c-bitrix-cdn.ru/upload/iblock/257/25732c14001e323deda60c61736fdefb.jpg?147724681239056
Гель-лак LIANAIL черный #21;//lianail.ru.opt-images.1c-bitrix-cdn.ru/upload/iblock/e24/e2414014f3786e9bdacd7e3df99f3114.jpg?147730904138386
Гель-лак LIANAIL светло-розовый кварц #22;//lianail.ru.opt-images.1c-bitrix-cdn.ru/upload/iblock/7d2/7d2b1536af259d7ff035b1d1ee0f1385.jpg?147730912138126
Гель-лак LIANAIL темно-пурпурный #23;//lianail.ru.opt-images.1c-bitrix-cdn.ru/upload/iblock/aaf/aaf4de363896f72d8a5fdc8f8b917421.jpg?147730926438876
Гель-лак LIANAIL темный черновато-пурпурный #24;//lianail.ru.opt-images.1c-bitrix-cdn.ru/upload/iblock/13e/13ec7cef0d44b306b8ff236850d4a211.jpg?147730941139097
Гель-лак LIANAIL ламантин #25;//lianail.ru.opt-images.1c-bitrix-cdn.ru/upload/iblock/35f/35f15705be2cd49cbd78b2216023f6cd.jpg?147730948838424
Гель-лак LIANAIL серовато-фиолетовый #26;//lianail.ru.opt-images.1c-bitrix-cdn.ru/upload/iblock/870/8701b0ed13dfa3f90e0383663d8ecb94.jpg?147730978038860
Гель-лак LIANAIL очень глубокий пурпурный #27;//lianail.ru.opt-images.1c-bitrix-cdn.ru/upload/iblock/37f/37f6da6f49436bfaefc46d3ae7c7ce45.jpg?147730985839388
Гель-лак LIANAIL ниагара #28;//lianail.ru.opt-images.1c-bitrix-cdn.ru/upload/iblock/dc1/dc1549e053e400543afdadc97cc6330e.jpg?147730991838881
Гель-лак LIANAIL отдаленно-синий #29;//lianail.ru.opt-images.1c-bitrix-cdn.ru/upload/iblock/7a0/7a04ad568dccc155adcf50f96177514e.jpg?147730999939635
Гель-лак LIANAIL полуночный синий #30;//lianail.ru.opt-images.1c-bitrix-cdn.ru/upload/iblock/76b/76b40ae0d0b668010806deb3396e3096.jpg?147731005839880
Гель-лак LIANAIL небесный #31;//lianail.ru.opt-images.1c-bitrix-cdn.ru/upload/iblock/410/41029f2b4b3bd891697763a4a1869088.jpg?147731011039364
Гель-лак LIANAIL сапфировый #32;//lianail.ru.opt-images.1c-bitrix-cdn.ru/upload/iblock/5e7/5e7a59de3e6cc1f223de40654202d700.jpg?147731016240201
Гель-лак LIANAIL сигнальный синий #33;//lianail.ru.opt-images.1c-bitrix-cdn.ru/upload/iblock/34e/34ed72057b8374bf6316ca2847fc7683.jpg?147731320039985
Гель-лак LIANAIL серо-голубой #34;//lianail.ru.opt-images.1c-bitrix-cdn.ru/upload/iblock/f55/f5591ad66abf9f08dd8eb2177142eec7.jpg?147731326738613
Гель-лак LIANAIL антрацитовый #35;//lianail.ru.opt-images.1c-bitrix-cdn.ru/upload/iblock/a30/a305893298ba70f11006572c0bd5efc5.jpg?147731335339282
Гель-лак LIANAIL темный пурпурно-синий #36;//lianail.ru.opt-images.1c-bitrix-cdn.ru/upload/iblock/a45/a45ce9714bf2dacbc6d6ade1bd99bd46.jpg?147731342939319
Гель-лак LIANAIL водная синь #37;//lianail.ru.opt-images.1c-bitrix-cdn.ru/upload/iblock/b5f/b5f4964cf5cf392cb96bc4e9f214b5b1.jpg?147731349439595
Гель-лак LIANAIL зеленая сосна #38;//lianail.ru.opt-images.1c-bitrix-cdn.ru/upload/iblock/925/9251b75e8286cae56e996fd8e7cbbee4.jpg?147731360839989
Гель-лак LIANAIL очень темный зеленовато-синий #39;//lianail.ru.opt-images.1c-bitrix-cdn.ru/upload/iblock/ce7/ce7c941f009c9a4810e25f8a94d0d68f.jpg?147731366739756
Гель-лак LIANAIL кричащий зеленый #40;//lianail.ru.opt-images.1c-bitrix-cdn.ru/upload/iblock/a20/a20ea35f376f52df84d4bb5fa081a521.jpg?147731372239392
Гель-лак LIANAIL малахитовый #41;//lianail.ru.opt-images.1c-bitrix-cdn.ru/upload/iblock/469/469c87f465589d9c6a6ad05cce1a5284.jpg?147731378139794
Гель-лак LIANAIL глубокий синевато-зеленый #42;//lianail.ru.opt-images.1c-bitrix-cdn.ru/upload/iblock/c4c/c4c0204bbbe6af26e11a63c6a6317c3e.jpg?147731387039776
Гель-лак LIANAIL серый зеленый чай #43;//lianail.ru.opt-images.1c-bitrix-cdn.ru/upload/iblock/cb6/cb62067ef4b866b40f49e49dba2cb85d.jpg?147731397538797
Гель-лак LIANAIL спаржа #44;//lianail.ru.opt-images.1c-bitrix-cdn.ru/upload/iblock/5b6/5b6362d978544d293728d5b660232249.jpg?147731403939238
Гель-лак LIANAIL охотничий зеленый #45;//lianail.ru.opt-images.1c-bitrix-cdn.ru/upload/iblock/5e7/5e7bcc57b220267a81b3a65e7a43ab95.jpg?147731410639208
Гель-лак LIANAIL бежево-серый #46;//lianail.ru.opt-images.1c-bitrix-cdn.ru/upload/iblock/cdc/cdce006c6fe3db31f31e67bdf1e7bae6.jpg?147731418838879
Гель-лак LIANAIL кварцевый серый #47;//lianail.ru.opt-images.1c-bitrix-cdn.ru/upload/iblock/a9f/a9f2270664903e146274947c82b1b94f.jpg?147731425538675
Гель-лак LIANAIL коричневато-серый #48;//lianail.ru.opt-images.1c-bitrix-cdn.ru/upload/iblock/37b/37b7ef5b75fd64588002294c14beb659.jpg?147731431638849
